id, Latitude, Longitude, Listed, 
3, -6.28817177, 53.3471375, 2, 
4, -6.53211212, 53.3391113, 2, 
5, -6.78452396, 53.1857834, 2, 
8, -7.11426783, 52.2371483, 2, 
9, -7.12599802, 52.2505455, 2, 
10, -7.14598179, 52.2544937, 2, 
11, -7.109272, 52.2616158, 2, 
13, -7.13783598, 52.2450447, 2, 
14, -7.13870478, 52.2611618, 2, 
16, -7.1420722, 52.2561111, 2, 
20, -6.26199579, 53.3468781, 2, 
21, -6.33422279, 53.3292084, 2, 
23, -6.26373386, 53.3459053, 2, 
26, -6.74346924, 53.2046814, 2, 
28, -6.66483498, 53.2160721, 2, 
29, -7.07940388, 52.24757, 2, 
32, -7.11274719, 52.262455, 2, 
43, -7.1105752, 52.2618752, 2, 
44, -7.15206385, 52.2434273, 2, 
45, -6.32042885, 53.3393707, 2, 
46, -6.3473649, 53.3257141, 2, 
48, -6.78821707, 53.2672691, 2, 
50, -7.13870478, 52.2611618, 2, 
53, -6.35316801, 53.3423424, 2, 
54, -6.22412682, 53.3971977, 2, 
56, -6.10707092, 53.1952553, 2, 
58, -6.20781422, 53.2753, 2, 
61, -6.23625, 53.3078651, 2, 
62, -6.26425505, 53.2922058, 2, 
63, -6.12536716, 53.2542877, 2, 
72, -6.34548616, 53.3306885, 2, 
73, -6.40027618, 53.3565598, 2, 
74, -6.379426, 53.3453712, 2, 
75, -6.10115099, 53.2039566, 2, 
78, -6.24051619, 53.4268265, 2, 
80, -6.18132782, 53.2541656, 2, 
81, -6.42627, 53.2896118, 2, 
83, -6.23005486, 53.3078575, 2, 
84, -6.36018896, 53.2839241, 2, 
85, -6.42744923, 53.3525162, 2, 
88, -6.39866, 53.2771721, 2, 
90, -6.38454294, 53.2832603, 2, 
92, -6.29958105, 53.3901405, 2, 
93, -6.17038298, 53.2968826, 2, 
95, -6.20395, 53.2742538, 2, 
98, -6.21696377, 53.2762222, 2, 
99, -6.37907791, 53.3579369, 2, 
101, -6.30996, 53.2931328, 2, 
102, -6.133111, 53.2550354, 2, 
103, -6.39098787, 53.315567, 2, 
104, -6.06387281, 53.145153, 2, 
105, -6.09225416, 53.1711159, 2, 
106, -6.14120579, 53.2439804, 2, 
108, -6.22582483, 53.2931099, 2, 
109, -6.29962206, 53.3901367, 2, 
110, -6.2044282, 53.4486237, 2, 
113, -6.38433123, 53.4156456, 2, 
114, -6.21863699, 53.4552536, 2, 
115, -6.24772787, 53.2936668, 2, 
116, -6.17024422, 53.5182037, 2, 
118, -6.17787123, 53.253109, 2, 
119, -6.32683182, 53.2877808, 2, 
123, -6.34819603, 53.3395, 2, 
124, -6.38837385, 53.3475494, 2, 
125, -6.31319189, 53.2912712, 2, 
126, -6.39010477, 53.3485489, 2, 
128, -6.4314642, 53.3315125, 2, 
129, -6.11010504, 53.2022896, 2, 
130, -6.20646715, 53.3923416, 2, 
131, -6.19460106, 53.2399864, 2, 
132, -6.12413597, 53.2297516, 2, 
135, -6.31887579, 53.3219261, 2, 
136, -6.13628292, 53.2669601, 2, 
137, -6.27653408, 53.3996391, 2, 
141, -6.39077806, 53.3947754, 2, 
142, -6.38688803, 53.3562202, 2, 
144, -6.395823, 53.3280258, 2, 
149, -6.28196383, 53.2950668, 2, 
152, -6.50009298, 53.2985077, 2, 
153, -6.21813917, 53.3033867, 2, 
154, -6.37361479, 53.3006668, 2, 
155, -6.42191505, 53.2864494, 2, 
158, -6.39885807, 53.3422585, 2, 
159, -6.36457777, 53.3819199, 2, 
160, -6.39765406, 53.4068527, 2, 
162, -6.4005909, 53.3896675, 2, 
163, -6.29185104, 53.395607, 2, 
167, -6.14444494, 53.2836266, 2, 
168, -6.34443283, 53.3291893, 2, 
170, -6.10898685, 53.203476, 2, 
171, -6.15432405, 53.1904411, 2, 
174, -6.50008297, 53.298584, 2, 
178, -6.37344503, 53.286129, 2, 
179, -6.13109, 53.4458351, 2, 
181, -6.27939081, 53.4018517, 2, 
182, -6.3169179, 53.3163452, 2, 
185, -6.3921051, 53.3939705, 2, 
186, -6.26346493, 53.2754707, 2, 
188, -6.37906, 53.3925476, 2, 
190, -6.12592411, 53.578434, 2, 
202, -6.24689388, 53.3897438, 2, 
205, -6.38638, 53.273037, 2, 
208, -6.37383318, 53.2893829, 2, 
212, -6.49108505, 53.372242, 2, 
213, -6.33365202, 53.3068199, 2, 
215, 0, 0, 2, 
216, -6.12827778, 53.2393837, 2, 
219, -6.12389, 53.4342537, 2, 
220, -6.2785368, 53.4177, 2, 
224, -6.13013887, 53.1823349, 2, 
225, -6.27373314, 53.3681335, 2, 
226, -6.2876358, 53.3471, 2, 
227, -6.24229193, 53.2860794, 2, 
228, -6.25466681, 53.3492508, 2, 
229, -6.25946808, 53.3484497, 2, 
230, -6.30361, 53.4029694, 2, 
231, -6.2727, 53.3613396, 2, 
237, -6.24635315, 53.2923, 2, 
238, -6.26335, 53.3441887, 2, 
239, -6.2745, 53.3535156, 2, 
240, -6.25508404, 53.3472061, 2, 
243, -6.20443, 53.4486198, 2, 
244, -6.40464497, 53.4082489, 2, 
246, -6.27519083, 53.4179802, 2, 
247, -6.25787401, 53.3532944, 2, 
258, -6.17776394, 53.4060669, 2, 
259, -6.27318287, 53.3587494, 2, 
262, -6.24559498, 53.3555908, 2, 
263, -6.2465539, 53.3324, 2, 
268, -6.16599894, 53.2702217, 2, 
269, -6.26335, 53.3441887, 2, 
272, 0, 0, 2, 
273, -6.2559, 53.3464661, 2, 
275, -6.42175198, 53.2851372, 2, 
277, -6.27234888, 53.3422241, 2, 
278, -6.06458378, 53.1376076, 2, 
279, -6.32805, 53.3240433, 2, 
285, -6.25448322, 53.3556, 2, 
286, -6.09083605, 53.5332451, 2, 
290, -6.42700815, 53.2906113, 2, 
291, -6.2545619, 53.3694382, 2, 
295, -6.13179779, 53.2546234, 2, 
297, -6.20133114, 53.3866844, 2, 
299, -6.21642923, 53.3911819, 2, 
304, -6.22847414, 53.4521294, 2, 
305, -6.38742781, 53.3851967, 2, 
310, -6.25766611, 53.2875175, 2, 
311, -6.26523113, 53.3348389, 2, 
315, -6.26900578, 53.3697586, 2, 
318, -6.44251, 53.3576202, 2, 
319, -6.25793505, 53.3501701, 2, 
320, -6.400033, 53.3369827, 2, 
325, -6.30890703, 53.2943192, 2, 
327, -6.17530489, 53.3807449, 2, 
330, -6.25358677, 53.3419838, 2, 
332, -6.19496822, 53.3914452, 2, 
333, -6.26235485, 53.3587456, 2, 
334, -6.28781891, 53.3789597, 2, 
337, -6.23971415, 53.3599319, 2, 
338, -6.22251701, 53.3720665, 2, 
339, -6.25268888, 53.3457909, 2, 
342, -6.26968, 53.3324165, 2, 
344, -6.2394371, 53.3324852, 2, 
346, -6.26433611, 53.3296165, 2, 
347, -6.24653387, 53.2923622, 2, 
350, -6.282866, 53.34692, 2, 
351, -6.27757502, 53.3398247, 2, 
361, -6.14256191, 53.2957535, 2, 
362, -6.31308079, 53.3665123, 2, 
363, -6.17616606, 53.3773422, 2, 
364, 0, 0, 2, 
365, -6.29261494, 53.3427124, 2, 
366, -6.19456482, 53.2897072, 2, 
369, -6.36184597, 53.3429108, 2, 
370, -6.17642212, 53.3642349, 2, 
372, -6.21660805, 53.3052521, 2, 
381, -6.2545, 53.3558846, 2, 
383, -6.058393, 53.3728371, 2, 
384, -6.19794083, 53.3890343, 2, 
385, -6.29206705, 53.3973923, 2, 
387, -6.28358793, 53.3520355, 2, 
390, -6.3061161, 53.369854, 2, 
395, -6.29043722, 53.3468361, 2, 
396, -6.27465, 53.3496513, 2, 
397, -6.13974285, 53.2938271, 2, 
398, -6.299438, 53.3381081, 2, 
402, -6.2140789, 53.3406448, 2, 
405, 0, 0, 2, 
406, -6.06604385, 53.1012115, 2, 
407, -6.3005991, 53.3115273, 2, 
409, -6.11111307, 53.3893661, 2, 
410, -6.43101311, 53.3941727, 2, 
411, -6.43339777, 53.3911858, 2, 
412, -6.28906918, 53.3197212, 2, 
415, -6.24731684, 53.3386269, 2, 
416, 0, 0, 2, 
418, -6.26201582, 53.353302, 2, 
420, -6.22995281, 53.348381, 2, 
422, -6.19966698, 53.374, 2, 
423, -6.3794589, 53.3454475, 2, 
425, -6.25805807, 53.3463821, 2, 
428, -6.30613, 53.3437691, 2, 
429, -6.16776705, 53.2894821, 2, 
431, -6.26012707, 53.3499527, 2, 
436, -6.17306185, 53.4021606, 2, 
437, -6.26772308, 53.3455849, 2, 
438, -6.26394796, 53.3990746, 2, 
440, -6.23568106, 53.3800926, 2, 
443, -6.27985477, 53.3460274, 2, 
444, -6.2433672, 53.3845367, 2, 
446, -6.41548681, 53.3398209, 2, 
448, -6.26946688, 53.3437271, 2, 
452, -6.30186081, 53.4027023, 2, 
453, -6.27947521, 53.3459587, 2, 
456, 0, 0, 2, 
461, -6.27532911, 53.3452263, 2, 
467, -6.25757694, 53.2919807, 2, 
469, -6.24080086, 53.4032631, 2, 
473, -6.26373386, 53.3441811, 2, 
474, -6.37144184, 53.3165207, 2, 
476, -6.3598, 53.2836952, 2, 
479, -6.25091124, 53.4595795, 2, 
483, -6.28249407, 53.3124352, 2, 
484, -6.25574589, 53.348175, 2, 
485, -6.25544, 53.3673248, 2, 
486, -6.46839809, 53.3362885, 2, 
489, -6.1122818, 53.2067032, 2, 
491, -6.42716122, 53.340004, 2, 
493, -6.43339777, 53.3911858, 2, 
494, -6.2560339, 53.3425217, 2, 
497, -6.2604928, 53.3472252, 2, 
498, 0, 0, 2, 
505, -6.20405579, 53.2961769, 2, 
509, -6.30367804, 53.3990059, 2, 
510, -6.37516594, 53.2875214, 2, 
515, -6.28335381, 53.3045616, 2, 
516, -6.35415077, 53.3514404, 2, 
518, -6.28649282, 53.3176498, 2, 
519, -6.27856684, 53.4167671, 2, 
521, -6.38338, 53.4198723, 2, 
524, -6.39191198, 53.3231888, 2, 
526, -6.26448393, 53.3309631, 2, 
527, -6.31038809, 53.3656082, 2, 
530, -6.36771297, 53.2891, 2, 
532, -6.23332691, 53.4206543, 2, 
535, -6.3935709, 53.322979, 2, 
536, -6.32489, 53.2963, 2, 
540, -6.303092, 53.3898773, 2, 
541, -6.17165709, 53.297802, 2, 
542, -6.23645878, 53.3421669, 2, 
543, -6.30051613, 53.3453712, 2, 
544, -6.29740715, 53.3870239, 2, 
547, -6.26497793, 53.4025421, 2, 
548, -6.2413311, 53.4605141, 2, 
552, -6.3444438, 53.3108292, 2, 
555, -6.2625041, 53.3520737, 2, 
556, -6.18593, 53.3985138, 2, 
557, -6.21434116, 53.3345947, 2, 
559, -6.21455, 53.3856583, 2, 
561, -6.22578382, 53.3638153, 2, 
565, -6.24563, 53.3343658, 2, 
570, -6.26538897, 53.3441849, 2, 
572, -6.21756601, 53.2782173, 2, 
575, -6.28106785, 53.2944527, 2, 
576, -6.25515509, 53.3683815, 2, 
577, -6.13576508, 53.1690826, 2, 
583, -6.09805822, 53.3730621, 2, 
584, -6.20027924, 53.4008713, 2, 
586, -6.13651419, 53.4333572, 2, 
587, -6.39382696, 53.3556633, 2, 
590, -6.25709, 53.3643265, 2, 
591, -6.24919415, 53.3524284, 2, 
593, -6.23541212, 53.3420334, 2, 
594, -6.25928402, 53.3479805, 2, 
598, -6.26285315, 53.2750397, 2, 
599, 0, 0, 2, 
600, -6.10135221, 53.2046394, 2, 
601, -6.30605, 53.3406944, 2, 
604, -6.23407698, 53.3207, 2, 
605, -6.10220289, 53.3812065, 2, 
607, -6.15217304, 53.4025307, 2, 
613, -6.22342396, 53.3397, 2, 
617, -6.38286781, 53.2781944, 2, 
619, -6.29450607, 53.322464, 2, 
620, -6.26748323, 53.3440933, 2, 
621, -6.24023294, 53.4040794, 2, 
625, -6.30436707, 53.4031, 2, 
626, -6.27526808, 53.3307495, 2, 
627, -6.4020009, 53.2792511, 2, 
630, -6.08015585, 53.3888206, 2, 
631, -6.08255, 53.1556664, 2, 
639, -6.20528, 53.3638496, 2, 
640, -6.25911, 53.3463898, 2, 
642, -6.12928295, 53.2482491, 2, 
644, -6.39531422, 53.3930626, 2, 
647, -6.26532793, 53.3360367, 2, 
648, -6.25023, 53.3510971, 2, 
650, -6.2601738, 53.3494186, 2, 
651, -6.24500084, 53.3880577, 2, 
653, -6.39462, 53.3201332, 2, 
655, -6.23645878, 53.3421669, 2, 
656, -6.29683399, 53.3306808, 2, 
658, -6.25556707, 53.3490562, 2, 
659, -6.25483799, 53.3422394, 2, 
662, -6.13685179, 53.2578125, 2, 
663, -6.21651697, 53.3620224, 2, 
669, -6.2656908, 53.3561478, 2, 
670, 0, 0, 2, 
674, -6.13823414, 53.2931747, 2, 
675, -6.2725811, 53.3394241, 2, 
676, -6.26294613, 53.3540268, 2, 
678, 0, 0, 2, 
679, -6.24236584, 53.3620033, 2, 
680, -6.25911, 53.3465729, 2, 
681, -6.37537909, 53.2841377, 2, 
682, -6.28225, 53.3102341, 2, 
684, -6.2554431, 53.367218, 2, 
685, -6.18724823, 53.3968658, 2, 
687, -6.26164913, 53.3469543, 2, 
688, -6.20763683, 53.2881126, 2, 
690, -6.26463, 53.3441772, 2, 
693, -6.58972788, 53.3804665, 2, 
695, -6.24285793, 53.3574562, 2, 
701, -6.37654305, 53.2863693, 2, 
704, -6.37541199, 53.3915977, 2, 
710, -6.15098715, 53.4023094, 2, 
712, -6.25973511, 53.3522072, 2, 
714, -6.2523241, 53.3457756, 2, 
715, -6.25398302, 53.3349113, 2, 
717, -6.23126, 53.3642159, 2, 
719, -6.18435383, 53.6044693, 2, 
723, -6.26851511, 53.3324699, 2, 
725, -6.27601, 53.3450699, 2, 
726, 0, 0, 2, 
727, -6.2539072, 53.3507919, 2, 
729, -6.27960777, 53.3242607, 2, 
731, -6.27235889, 53.3412399, 2, 
732, -6.27521086, 53.3317375, 2, 
738, -6.40595913, 53.3203163, 2, 
739, -6.24612808, 53.3479347, 2, 
740, -6.17683887, 53.426487, 2, 
741, -6.33415, 53.3069382, 2, 
742, -6.14250422, 53.2520142, 2, 
744, -6.26131487, 53.3587189, 2, 
747, -6.274014, 53.3607903, 2, 
749, -6.2586031, 53.3394279, 2, 
753, -6.27721119, 53.4180908, 2, 
758, -6.36605215, 53.3850098, 2, 
761, -6.25268, 53.3379173, 2, 
763, 0, 0, 2, 
766, -6.26525879, 53.3344345, 2, 
767, -6.13499498, 53.2948532, 2, 
768, -6.22613811, 53.3687897, 2, 
769, -6.29449606, 53.3161278, 2, 
770, -6.27421522, 53.386322, 2, 
778, -6.22079515, 53.3114662, 2, 
779, -6.24391079, 53.2890625, 2, 
783, -6.27186108, 53.3642578, 2, 
785, -6.25679302, 53.3488617, 2, 
787, -6.22210121, 53.3725204, 2, 
789, -6.2589, 53.3472404, 2, 
790, -6.29903316, 53.3408165, 2, 
791, -6.24005795, 53.3596268, 2, 
792, -6.06384087, 53.0710716, 2, 
797, -6.21455, 53.3856583, 2, 
798, -6.36982107, 53.3172607, 2, 
801, -6.22413, 53.3972, 2, 
806, -6.33368206, 53.3164597, 2, 
810, -6.318542, 53.3832855, 2, 
811, -6.33320093, 53.3044319, 2, 
813, -6.40039, 53.4075394, 2, 
816, -6.22827482, 53.3642044, 2, 
820, -6.13016701, 53.1826668, 2, 
823, -6.28351498, 53.3062973, 2, 
824, -6.2191062, 53.4597244, 2, 
826, -6.30605888, 53.3724632, 2, 
828, -6.29222, 53.3328819, 2, 
830, -6.12365484, 53.223362, 2, 
844, -6.27897882, 53.325222, 2, 
845, -6.39826822, 53.3720741, 2, 
846, -6.25466, 53.3489532, 2, 
847, -6.24045181, 53.3246574, 2, 
851, -6.25574112, 53.3490257, 2, 
852, -6.37551594, 53.3861, 2, 
854, -6.26215601, 53.3462372, 2, 
855, -6.28344, 53.3726921, 2, 
856, -6.23720884, 53.3621178, 2, 
857, -6.39761686, 53.3274498, 2, 
861, -6.30688477, 53.4190369, 2, 
864, -6.33234119, 53.3220215, 2, 
865, -6.27473, 53.3484688, 2, 
866, -6.19559908, 53.3457413, 2, 
870, -6.21305, 53.3253, 2, 
878, -6.23028088, 53.3083153, 2, 
879, -6.2121439, 53.3243523, 2, 
880, -6.3680191, 53.2901306, 2, 
885, -6.33113384, 53.2765427, 2, 
887, -6.22938395, 53.4249535, 2, 
892, -6.20750284, 53.2884712, 2, 
893, -6.22946405, 53.3856697, 2, 
896, -6.36271715, 53.3429832, 2, 
900, -6.26444292, 53.3428574, 2, 
902, -6.37892818, 53.3876305, 2, 
904, -6.25715923, 53.3906593, 2, 
908, 0, 0, 2, 
910, -6.28050804, 53.3430328, 2, 
913, -6.24165916, 53.4021873, 2, 
916, -6.2533021, 53.3714752, 2, 
917, -6.3069458, 53.3644829, 2, 
918, -6.2066741, 53.37117, 2, 
920, -6.26599407, 53.339035, 2, 
921, -6.37707376, 53.3769875, 2, 
924, -6.33396578, 53.3128967, 2, 
927, -6.12611103, 53.1901398, 2, 
929, -6.27893782, 53.3428078, 2, 
932, -6.24907684, 53.3296738, 2, 
933, -6.31154394, 53.3903618, 2, 
937, -6.27062511, 53.3079033, 2, 
938, -6.261, 53.3519402, 2, 
945, -6.396, 53.3527145, 2, 
946, -6.36353207, 53.3747253, 2, 
948, -6.24632502, 53.2927704, 2, 
949, -6.25336695, 53.3449669, 2, 
951, -6.20320177, 53.4016457, 2, 
955, -6.26083708, 53.3509445, 2, 
957, -6.25617409, 53.3481178, 2, 
959, -6.26454, 53.3424339, 2, 
960, -6.24976683, 53.3844833, 2, 
961, -6.27723217, 53.4180908, 2, 
963, -6.30003309, 53.3296051, 2, 
964, -6.22761106, 53.3686066, 2, 
968, 0, 0, 2, 
972, -6.27842522, 53.4049301, 2, 
978, -6.36985922, 53.4115372, 2, 
979, -6.22039, 53.3109589, 2, 
982, -6.23932314, 53.3369484, 2, 
984, -6.37905693, 53.3358727, 2, 
985, -6.25094318, 53.3499756, 2, 
986, -6.32150078, 53.339119, 2, 
990, -6.29264, 53.355854, 2, 
992, -6.23116779, 53.3561287, 2, 
993, -6.37879896, 53.3477, 2, 
994, -6.23868799, 53.3608818, 2, 
996, -6.34737396, 53.2779427, 2, 
997, -6.2783761, 53.338768, 2, 
998, -6.2828908, 53.3072395, 2, 
999, -6.26447296, 53.3288422, 2, 
1004, -6.39876, 53.2770958, 2, 
1005, -6.2785368, 53.4177, 2, 
1006, -6.26385784, 53.3911133, 2, 
1007, -6.1794591, 53.4029846, 2, 
1008, -6.21321297, 53.3316689, 2, 
1011, -6.25398302, 53.3508682, 2, 
1012, 0, 0, 2, 
1013, -6.37954378, 53.33564, 2, 
1014, -6.40772581, 53.3125, 2, 
1015, -6.25126, 53.3496399, 2, 
1016, -6.27155876, 53.3607216, 2, 
1024, -6.28220177, 53.3476563, 2, 
1026, -6.13346577, 53.2835884, 2, 
1027, -6.41125488, 53.3412476, 2, 
1028, -6.2380681, 53.2853775, 2, 
1032, -6.25864, 53.3468513, 2, 
1033, 0, 0, 2, 
1035, -6.25843716, 53.357048, 2, 
1037, 0, 0, 2, 
1039, -6.27045918, 53.3172, 2, 
1040, -6.16274309, 53.3958206, 2, 
1043, -6.24587584, 53.2921104, 2, 
1044, -6.13499498, 53.2948532, 2, 
1054, -6.25040579, 53.4595909, 2, 
1055, -6.24692488, 53.3340073, 2, 
1062, -6.26476097, 53.3177223, 2, 
1063, -6.30754805, 53.3394089, 2, 
1064, -6.41928291, 53.4204674, 2, 
1069, -6.30893517, 53.2944527, 2, 
1073, -6.24887419, 53.377018, 2, 
1081, -6.28707218, 53.3769684, 2, 
1082, -6.30237579, 53.4032364, 2, 
1084, -6.25926495, 53.3462753, 2, 
1089, -6.26157618, 53.3443947, 2, 
1090, -6.20123386, 53.3823929, 2, 
1093, -6.45214, 53.3201637, 2, 
1095, 0, 0, 2, 
1102, -6.28346491, 53.3061066, 2, 
1103, -6.23856497, 53.3323936, 2, 
1104, -6.24797297, 53.3535194, 2, 
1105, -6.45108318, 53.3298, 2, 
1106, -6.2655611, 53.3367691, 2, 
1111, -6.37781286, 53.3563042, 2, 
1112, -6.25626421, 53.3504257, 2, 
1115, -6.42707491, 53.2907486, 2, 
1116, -6.23974419, 53.2902641, 2, 
1121, -6.28004789, 53.3706589, 2, 
1127, -6.38537884, 53.9563026, 2, 
1128, -7.1321888, 52.2759171, 2, 
1129, -8.46647644, 51.8987808, 2, 
1131, -7.13197088, 52.2448502, 2, 
1135, -8.46777916, 51.8903694, 2, 
1136, -7.10525322, 52.2595444, 2, 
1139, -8.52957916, 51.8840904, 2, 
1142, -7.01304197, 52.3638115, 2, 
1143, -7.10514402, 52.2601242, 2, 
1144, -6.910079, 52.8450203, 2, 
1145, -9.71615601, 53.5979347, 2, 
1147, -9.01995754, 53.2787247, 2, 
1150, -8.95164204, 53.9445877, 2, 
1152, -6.22865295, 53.4282341, 2, 
1153, -8.46821404, 51.8974228, 2, 
1154, -9.03407764, 53.2960701, 2, 
1160, -8.40402508, 51.8107605, 2, 
1161, -7.34354591, 53.5153503, 2, 
1162, -6.22148418, 53.4195595, 2, 
1163, -8.60984325, 52.6471634, 2, 
1164, -8.60962582, 51.8860321, 2, 
1165, -6.90899277, 52.8389359, 2, 
1166, -8.51002884, 51.882019, 2, 
1167, -6.80972195, 53.5650558, 2, 
1170, -6.27285814, 53.3677177, 2, 
1175, -9.03994274, 53.2776909, 2, 
1176, -6.36691523, 53.7147598, 2, 
1178, -9.68520069, 53.6067352, 2, 
1180, -8.63656139, 51.8796883, 2, 
1181, -7.61311913, 52.0934029, 2, 
1188, -6.39254713, 53.5058975, 2, 
1190, -6.7001338, 53.9715767, 2, 
1191, -8.46582413, 51.8992348, 2, 
1192, -8.61581612, 52.6592674, 2, 
1195, -9.68900299, 52.2694473, 2, 
1201, -8.51285267, 51.9035072, 2, 
1204, -8.64818287, 52.681469, 2, 
1205, -8.50014591, 51.8936691, 2, 
1206, -9.05308533, 53.2762642, 2, 
1208, -6.92778301, 52.8345375, 2, 
1209, -8.72790337, 52.5280762, 2, 
1213, -8.92068768, 52.6921463, 2, 
1214, -7.36429119, 53.9906693, 2, 
1215, -8.46691132, 51.8782, 2, 
1216, -6.25537109, 53.3474579, 2, 
1219, -9.32309246, 52.0618172, 2, 
1221, -8.87539673, 53.5076485, 2, 
1222, -8.93676186, 53.1388588, 2, 
1224, -8.58975, 51.8880386, 2, 
1229, -8.17561626, 51.9166451, 2, 
1231, -9.04808903, 53.2729, 2, 
1234, -8.49438858, 51.9218216, 2, 
1236, -7.00446177, 53.7767601, 2, 
1240, -8.80306244, 51.9079094, 2, 
1243, -8.38881874, 54.4580917, 2, 
1245, -8.65035534, 52.6819878, 2, 
1247, -8.45311737, 51.8940582, 2, 
1248, -8.6306963, 52.6658058, 2, 
1249, -6.97633219, 54.4094238, 2, 
1250, -6.66038179, 53.6308784, 2, 
1251, -6.40091, 53.5134087, 2, 
1252, -8.47342682, 51.8963242, 2, 
1253, -9.1600666, 54.1111183, 2, 
1254, -6.75672, 52.3623886, 2, 
1255, -9.0447216, 53.2694054, 2, 
1256, -6.99664211, 53.7709389, 2, 
1257, -8.47614288, 51.8954811, 2, 
1258, -8.95511818, 51.9046707, 2, 
1260, -8.31094456, 51.7897263, 2, 
1262, -6.40449381, 54.005619, 2, 
1264, -8.39533615, 51.8868713, 2, 
1265, -9.05753803, 53.2758789, 2, 
1272, -8.44051838, 51.8802071, 2, 
1274, -6.41090202, 53.9954567, 2, 
1275, -8.5153513, 51.9053192, 2, 
1276, -8.41879559, 51.8888168, 2, 
1277, -8.46680164, 51.901371, 2, 
1278, -9.16365147, 54.1049042, 2, 
1280, -6.25493717, 53.3451958, 2, 
1281, -8.47114563, 51.8991051, 2, 
1282, -6.3627882, 53.7245941, 2, 
1284, -6.45021915, 53.5468674, 2, 
1285, -8.39240265, 51.8132172, 2, 
1286, -9.0361414, 53.2823486, 2, 
1287, -9.0464592, 53.2736778, 2, 
1288, -6.78810883, 53.552887, 2, 
1289, -6.26199579, 53.3589783, 2, 
1292, -6.7691021, 53.5611076, 2, 
1293, -6.32911777, 53.7327499, 2, 
1297, -7.15575695, 52.2430382, 2, 
1299, -8.46593285, 51.8996239, 2, 
1301, -8.77493191, 52.5736427, 2, 
1306, -8.48809, 51.9217567, 2, 
1309, -8.81229401, 53.9136505, 2, 
1310, -8.38262844, 51.92519, 2, 
1313, -9.38825893, 51.9470634, 2, 
1314, -8.6045208, 51.8867455, 2, 
1315, -6.95243692, 52.7794571, 2, 
1316, -8.39262104, 51.8119888, 2, 
1321, -8.50514221, 51.8734093, 2, 
1322, -6.53928089, 53.8442039, 2, 
1334, -8.90352726, 52.6924706, 2, 
1335, -7.09265423, 52.2500305, 2, 
1337, -8.89440441, 51.6229362, 2, 
1343, -7.14804602, 52.2439461, 2, 
1348, -8.49026203, 51.9062233, 2, 
1352, -9.04331, 53.2755547, 2, 
1353, -6.35963821, 53.7244034, 2, 
1354, -8.65611076, 52.106411, 2, 
1355, -6.40612316, 53.9953957, 2, 
1358, -7.09613, 52.5863266, 2, 
1362, -8.44051838, 51.8801422, 2, 
1363, -8.47071171, 51.8997536, 2, 
1365, -6.27698517, 53.7109375, 2, 
1367, -8.43302441, 51.8795586, 2, 
1370, -8.45778656, 51.9050598, 2, 
1372, -6.83839607, 53.7181244, 2, 
1377, -6.32662, 53.7076378, 2, 
1378, -8.4418211, 51.8807907, 2, 
1379, -6.51299715, 52.3384399, 2, 
1380, -8.46701908, 51.9014359, 2, 
1382, -8.64698792, 52.6838, 2, 
1383, -7.28500414, 53.8371468, 2, 
1384, -9.04385281, 53.2855186, 2, 
1385, -7.11546278, 52.2531357, 2, 
1386, -8.59485435, 51.9287491, 2, 
1387, -8.47418785, 51.9079742, 2, 
1388, -9.16039276, 54.1111832, 2, 
1390, -6.93734, 52.8259926, 2, 
1391, -6.35170889, 53.7125587, 2, 
1392, -8.41488647, 51.8892021, 2, 
1394, -7.11589718, 52.2633629, 2, 
1395, -9.0464592, 53.2736778, 2, 
1396, -6.73651791, 54.1187553, 2, 
1398, -6.26579809, 53.410759, 2, 
1399, -6.3531208, 53.7117157, 2, 
1401, -6.40406, 54.0062675, 2, 
1402, -6.58826399, 53.3792381, 2, 
1403, -8.47473145, 54.2790718, 2, 
1407, -7.64016294, 54.3434715, 2, 
1408, -8.47016907, 51.9012413, 2, 
1409, -8.43660831, 51.8780708, 2, 
1410, -8.47071171, 51.8997536, 2, 
1412, -8.52903557, 51.8888168, 2, 
1413, -8.47907543, 51.9047356, 2, 
1414, -9.03766155, 53.2824135, 2, 
1417, -9.6975832, 52.2706757, 2, 
1420, -8.5530386, 51.8921165, 2, 
1421, -7.15423679, 52.1689339, 2, 
1423, -8.47027779, 51.9011765, 2, 
1429, -8.62602615, 52.6573906, 2, 
1431, -7.52677298, 54.1543503, 2, 
1434, -8.42705, 51.9030533, 2, 
1436, -6.2427721, 53.3263588, 2, 
1437, -7.1162219, 52.2632027, 2, 
1440, -6.38114309, 53.7407761, 2, 
1447, -8.43954086, 51.8736038, 2, 
1448, -8.51111507, 51.8816299, 2, 
1453, -9.35339355, 52.0105553, 2, 
1455, -7.93482494, 53.4266777, 2, 
1456, -8.50525, 51.8744469, 2, 
1459, -7.93449879, 53.4266167, 2, 
1460, -8.45778656, 51.9051247, 2, 
1462, -6.66277122, 53.3975525, 2, 
1463, -6.69893885, 53.6466064, 2, 
1465, -9.0344038, 54.1424446, 2, 
1466, -9.04548168, 53.2752953, 2, 
1469, -7.12838697, 52.2244, 2, 
1476, -7.35907698, 53.5305595, 2, 
1478, -6.26101923, 53.3601456, 2, 
1481, -6.48454094, 52.3421288, 2, 
1483, -6.39471912, 53.8023911, 2, 
1485, -7.72379303, 54.8986588, 2, 
1488, -9.38033, 53.2458458, 2, 
1492, -9.67119122, 52.0831108, 2, 
1493, -6.35333776, 53.7117805, 2, 
1498, -8.46777916, 51.900013, 2, 
1499, -7.24134302, 53.5045395, 2, 
1500, -8.62950134, 52.6325378, 2, 
1502, -6.69622421, 54.0560379, 2, 
1503, -6.21616316, 53.3054543, 2, 
1504, -6.44207382, 53.7513924, 2, 
1506, -8.44442844, 51.8818893, 2, 
1507, -8.63992786, 52.6737022, 2, 
1509, -6.34627914, 52.2455, 2, 
1511, -8.58681679, 51.888298, 2, 
1513, -8.52805901, 51.8827972, 2, 
1520, -9.47525597, 53.2388573, 2, 
1522, -6.28534794, 53.3611145, 2, 
1524, -6.40308189, 53.5144424, 2, 
1525, -7.63994598, 54.3434067, 2, 
1526, -8.46658516, 51.8895912, 2, 
1529, -9.00974941, 53.2771721, 2, 
1530, -6.6594038, 53.6434975, 2, 
1535, -8.46680164, 51.899559, 2, 
1536, -9.63763, 52.2566948, 2, 
1543, -6.52907085, 52.5624428, 2, 
1544, -8.1775713, 51.916256, 2, 
1547, -9.01040077, 53.2835121, 2, 
1553, -6.80277109, 53.897728, 2, 
1554, -8.4303093, 51.8864212, 2, 
1555, -6.41437817, 53.5244751, 2, 
1556, -6.39591408, 53.9843903, 2, 
1558, -8.466259, 51.8994942, 2, 
1561, -6.24103403, 53.3374939, 2, 
1565, -9.69704, 52.270546, 2, 
1567, -6.65212822, 53.9332619, 2, 
1575, -8.60886478, 51.8862267, 2, 
1578, -7.15858078, 52.1581879, 2, 
1583, -6.27622414, 53.3690758, 2, 
1584, -9.2650938, 51.5484428, 2, 
1586, -6.25048399, 53.350502, 2, 
1589, -6.53808594, 53.8521, 2, 
1590, -6.92474079, 52.8358307, 2, 
1592, -6.27470398, 53.3554192, 2, 
1593, -6.20953703, 53.3044853, 2, 
1599, -7.31780481, 54.9965172, 2, 
1602, -6.269382, 53.3458405, 2, 
1605, -8.46658516, 51.8994293, 2, 
1607, -8.47549057, 51.8982658, 2, 
1608, -7.11828613, 52.2638817, 2, 
1611, -6.24736595, 53.3338776, 2, 
1614, -8.40337276, 51.8067474, 2, 
1616, -6.27807093, 53.3608551, 2, 
1618, -8.38393211, 51.9748306, 2, 
1619, -8.60267353, 51.8822784, 2, 
1621, -9.01040077, 53.2771721, 2, 
1623, -8.28259754, 54.7968483, 2, 
1625, -6.91496611, 52.8440514, 2, 
1626, -8.46560669, 51.8923721, 2, 
1630, -6.89031219, 53.7319756, 2, 
1633, -8.30562305, 51.8312759, 2, 
1636, -8.36688, 51.8780708, 2, 
1641, -6.40416813, 54.0057487, 2, 
1643, -8.42281437, 51.8729591, 2, 
1644, -6.24222898, 53.4292679, 2, 
1651, -9.08338737, 53.2644196, 2, 
1653, -8.79209232, 53.9135208, 2, 
1657, -6.34323788, 53.7132034, 2, 
1658, -6.61324501, 53.3813095, 2, 
1659, -9.6772728, 52.2649155, 2, 
1661, -7.5366559, 54.9925041, 2, 
1662, -8.48428822, 51.8921165, 2, 
1665, -8.44670868, 51.9029236, 2, 
1667, -8.26999855, 52.2663383, 2, 
1668, -6.24070883, 53.3375587, 2, 
1670, -8.45355129, 51.8672638, 2, 
1672, -7.89865685, 53.4152222, 2, 
1674, -6.54297304, 53.708416, 2, 
1675, -9.04157162, 53.276329, 2, 
1677, -9.31157875, 52.3903465, 2, 
1679, -8.92874813, 53.2727203, 2, 
1681, -6.247334, 53.3516, 2, 
1683, -9.0785, 53.7814217, 2, 
1684, -6.16250896, 52.7955742, 2, 
1688, -6.24005699, 53.429203, 2, 
1689, -9.69812584, 52.2706108, 2, 
1692, -10.0990105, 52.0129509, 2, 
1694, -8.46756172, 51.89011, 2, 
1700, -6.39200401, 53.976429, 2, 
1702, -6.2609, 53.3510742, 2, 
1704, -9.18276596, 54.0008316, 2, 
1709, -6.25259209, 53.3725243, 2, 
1712, -8.61277485, 52.6610794, 2, 
1715, -6.41915703, 54.0062675, 2, 
1720, -8.49504089, 51.9036369, 2, 
1724, -6.13839722, 53.2482414, 2, 
1725, -8.4550724, 51.8873253, 2, 
1726, -9.30169582, 52.384716, 2, 
1727, -9.61677647, 52.241745, 2, 
1729, -8.886693, 53.5029869, 2, 
1732, -6.37408304, 53.7054367, 2, 
1734, -8.36068916, 52.3806381, 2, 
1735, -8.40891171, 51.8297234, 2, 
1736, -7.87508917, 53.4612427, 2, 
1738, -8.59702682, 52.6573906, 2, 
1741, -8.46647644, 51.8988457, 2, 
1746, -9.39694786, 53.243969, 2, 
1748, -9.69932079, 52.2716484, 2, 
1750, -8.61440372, 52.6488495, 2, 
1753, 0, 0, 2, 
1756, -6.2583642, 53.3407784, 2, 
1758, -6.26562, 53.3227577, 2, 
1765, -6.19926691, 53.310482, 2, 
1768, -6.22820711, 53.4467735, 2, 
1770, -7.74964285, 54.8266869, 2, 
1772, -6.2308, 53.4225464, 2, 
1775, -6.31943893, 53.3249054, 2, 
1780, -6.35485, 53.3795319, 2, 
1781, -6.26592, 53.4080048, 2, 
1784, -6.26093912, 53.3600235, 2, 
1790, -6.2465539, 53.3324, 2, 
1792, -6.23971415, 53.3599319, 2, 
1795, -6.26252079, 53.3586159, 2, 
1802, -6.242414, 53.3261, 2, 
1803, -6.31312323, 53.3893776, 2, 
1806, -6.18531704, 54.0408287, 2, 
1807, -8.62548256, 52.6634102, 2, 
1808, -7.11437607, 52.2542343, 2, 
1816, -7.10872889, 52.2615509, 2, 
1817, -8.46571636, 51.8961945, 2, 
1818, -8.48722076, 51.8724403, 2, 
1819, -8.5339241, 51.8727646, 2, 
1821, -9.04320145, 53.2756195, 2, 
1822, -6.24574518, 53.3315392, 2, 
1823, -8.48428822, 51.8912735, 2, 
1825, -6.40435791, 53.4002495, 2, 
1831, -6.67884588, 53.6486778, 2, 
1832, -8.76808929, 51.7191772, 2, 
1833, -6.25761795, 53.3391533, 2, 
1834, -7.11861181, 52.1986389, 2, 
1841, -7.99304, 51.9419518, 2, 
1843, -7.51591206, 52.3656235, 2, 
1844, -6.26603, 53.3382034, 2, 
1845, -8.54554462, 51.8962593, 2, 
1847, -6.3048768, 53.3638153, 2, 
1850, -8.07547569, 53.9454918, 2, 
1851, -6.76301908, 54.125679, 2, 
1852, -6.22800112, 53.3560028, 2, 
1854, -6.48443222, 53.6201973, 2, 
1857, -8.62363625, 52.659008, 2, 
1859, -8.64818287, 52.6419868, 2, 
1860, -8.46310902, 51.8954163, 2, 
1870, -7.0844, 54.0735779, 2, 
1876, -8.4994936, 51.8938637, 2, 
1878, -6.7001338, 53.6512, 2, 
1879, -7.11524487, 52.2533951, 2, 
1880, -8.39739895, 51.8979416, 2, 
1881, -8.50590229, 51.8921814, 2, 
1882, -7.45595789, 53.7684135, 2, 
1888, -9.0123558, 51.5713501, 2, 
1891, -8.66110706, 52.6296234, 2, 
1892, -6.90215, 53.7367, 2, 
1893, -9.02560616, 53.2850037, 2, 
1894, -8.97575378, 53.2783356, 2, 
1895, -6.56447792, 53.5640182, 2, 
1896, -8.62157345, 52.6484604, 2, 
1897, -6.56219816, 53.5154152, 2, 
1899, -8.97640514, 53.2776222, 2, 
1903, -8.98737526, 53.2989197, 2, 
1908, -8.48070431, 54.2875519, 2, 
1911, -9.05829811, 53.2684326, 2, 
1913, -7.93623686, 53.4262276, 2, 
1915, -6.25745, 53.3469315, 2, 
1916, -6.27091217, 53.3200493, 2, 
1917, -6.24460602, 53.3822556, 2, 
1918, -6.12999678, 53.4350357, 2, 
1919, -6.2603, 53.3472672, 2, 
1921, -6.53074408, 53.3381691, 2, 
1922, -6.25679302, 53.3488617, 2, 
1923, -6.40646696, 53.4009781, 2, 
1926, -6.2393589, 53.3602829, 2, 
1927, -6.42427588, 53.3592606, 2, 
1928, -6.29735613, 53.2934227, 2, 
1931, -6.41823578, 53.3885956, 2, 
1932, -6.30680418, 53.328125, 2, 
1933, -6.30265617, 53.4025879, 2, 
1935, -6.24492, 53.3279, 2, 
1937, -6.27986, 53.3460312, 2, 
1939, -6.27293682, 53.3455505, 2, 
1940, -6.41101122, 53.9957161, 2, 
1941, -9.0405941, 53.2771072, 2, 
1942, -9.00344944, 53.2762, 2, 
1943, -9.03766155, 53.2792435, 2, 
1946, -8.98813534, 53.2908936, 2, 
1948, -9.07448101, 53.2886925, 2, 
1949, -6.43336678, 53.4000854, 2, 
1950, -9.07578373, 53.2755547, 2, 
1951, -6.26651907, 53.32164, 2, 
1954, -6.25144, 53.3445587, 2, 
1957, -6.45239878, 53.3420715, 2, 
1958, -6.26769876, 53.3325, 2, 
1959, -6.21660805, 53.3052521, 2, 
1960, -6.30868387, 53.3184357, 2, 
1964, -6.26495, 53.3418961, 2, 
1966, -9.51489925, 52.0694542, 2, 
1967, -6.26650095, 53.3546219, 2, 
1977, -6.24692488, 53.3340073, 2, 
1982, -6.41888, 53.418541, 2, 
1986, -6.2658968, 53.3395157, 2, 
1987, -6.25516319, 53.3464203, 2, 
1988, -6.43818092, 53.391983, 2, 
1991, -6.25211287, 53.3501778, 2, 
1996, -6.342803, 53.4469376, 2, 
2002, -6.25857, 53.3477058, 2, 
2004, -8.62363625, 52.6608849, 2, 
2005, -9.22773075, 52.0854416, 2, 
2006, -6.2546072, 53.3421, 2, 
2011, -6.24440098, 53.6984482, 2, 
2013, -6.39585114, 53.393074, 2, 
2017, -6.35044384, 53.315712, 2, 
2018, -6.3750968, 53.2862206, 2, 
2022, -6.36945, 53.4118423, 2, 
2023, -8.59670067, 52.6579094, 2, 
2024, -6.42152691, 53.2833252, 2, 
2029, -6.26137686, 53.3464127, 2, 
2030, -6.2339, 53.3421326, 2, 
2031, -6.36118793, 53.2854195, 2, 
2037, -6.27340317, 53.3450623, 2, 
2039, -6.23058224, 53.3415527, 2, 
2041, -6.23914194, 53.3810463, 2, 
2044, -6.58764315, 53.3779335, 2, 
2052, -7.93460798, 53.4266167, 2, 
2055, -6.33047, 53.2853584, 2, 
2059, -6.21660805, 53.3052521, 2, 
2072, -6.24207211, 53.3428726, 2, 
2078, -6.14270878, 53.2943, 2, 
2080, -6.19286919, 53.2817268, 2, 
2081, -6.42263317, 53.3509789, 2, 
2084, -6.24054098, 53.3247223, 2, 
2087, -6.26951694, 53.3458824, 2, 
2088, -6.19828415, 53.2913895, 2, 
2089, -6.25654602, 53.3356285, 2, 
2092, -6.12871504, 53.2245712, 2, 
2101, -6.29759312, 53.3516808, 2, 
2102, -6.10934401, 53.204071, 2, 
2103, -6.14761877, 53.2827797, 2, 
2106, -8.46560669, 51.8958702, 2, 
2108, -6.27511692, 53.3535652, 2, 
2109, -6.7001338, 53.6530113, 2, 
2110, -8.8240242, 53.0718079, 2, 
2111, -6.257, 53.3479767, 2, 
2112, -6.25516415, 53.346386, 2, 
2113, -6.25554514, 53.3416328, 2, 
2115, -8.61310101, 52.6542206, 2, 
2116, -6.13609695, 53.2468376, 2, 
2117, -6.25594378, 53.3378601, 2, 
2119, -8.55890369, 52.6706581, 2, 
2121, -6.2598238, 53.3594322, 2, 
2122, -6.2467351, 53.3285332, 2, 
2123, -6.39080906, 53.3982, 2, 
2124, -9.18852329, 53.3440933, 2, 
2127, -9.34470558, 52.933754, 2, 
2128, -9.15213776, 53.2512169, 2, 
2130, -8.61494827, 52.654995, 2, 
2131, -8.63395405, 52.6617279, 2, 
2132, -8.62428761, 52.6592026, 2, 
2134, -8.4368248, 52.8081932, 2, 
2135, -6.95363188, 53.4290733, 2, 
2137, -6.13499498, 53.2948532, 2, 
2138, -9.04309273, 53.2800179, 2, 
2139, -6.10113907, 53.2043037, 2, 
2140, -6.10113907, 53.2043037, 2, 
2141, -6.25574493, 53.3424492, 2, 
2142, -6.15750885, 53.2808952, 2, 
2143, -9.61232281, 52.7063866, 2, 
2144, -8.72855473, 52.5509872, 2, 
2150, -6.26965714, 53.36026, 2, 
2151, -6.27202177, 53.3674049, 2, 
2153, -6.26500702, 53.3885078, 2, 
2154, -6.1731391, 53.2738266, 2, 
2157, -9.50631905, 52.0694542, 2, 
2160, -6.29759312, 53.3516808, 2, 
2161, -6.30609, 53.3437843, 2, 
2162, -6.26069117, 53.3471832, 2, 
2163, -6.32859182, 53.3422, 2, 
2166, -6.40808678, 53.3391228, 2, 
2169, -8.61712, 52.6638641, 2, 
2170, -6.32983923, 53.3714409, 2, 
2171, -6.39159298, 53.3942719, 2, 
2173, -6.281497, 53.3432121, 2, 
2174, -6.44359, 53.4107056, 2, 
2175, -6.26658487, 53.3454514, 2, 
2176, -6.27047205, 53.3606453, 2, 
2177, -6.37930679, 53.3238144, 2, 
2185, -6.42747593, 53.3400574, 2, 
2187, -6.37134218, 53.3165092, 2, 
2188, -6.2977, 53.3515587, 2, 
2190, -6.30389, 53.3407364, 2, 
2192, -6.29301405, 53.3426285, 2, 
2195, -6.23316717, 53.3200264, 2, 
2198, -6.31795502, 53.3398552, 2, 
2199, -6.31748486, 53.3247223, 2, 
2200, -6.17811108, 53.3004875, 2, 
2202, -6.25156212, 53.3396034, 2, 
2207, -6.22182, 53.3929176, 2, 
3001, -6.26833916, 53.3460045, 2, 
3004, -6.36483288, 53.3193817, 2, 
3005, -6.25374222, 53.3483, 2, 
3024, -6.24283314, 53.3476677, 2, 
3038, -6.36670494, 53.3536339, 2, 
3039, -6.3104949, 53.3433647, 2, 
3041, -6.24034119, 53.3426628, 2, 
3043, -8.43867207, 51.8792343, 2, 
3049, -6.08365679, 52.9965363, 2, 
3051, -6.3531208, 53.7121048, 2, 
3052, -6.10820293, 53.1002197, 2, 
3053, -6.25330782, 53.3385277, 2, 
3054, -6.24309778, 53.326683, 2, 
3055, -8.90450478, 52.6918869, 2, 
3060, -6.25178719, 53.3494644, 2, 
3061, -6.70089388, 53.6546326, 2, 
3063, -6.25526285, 53.3455849, 2, 
3064, -6.25167799, 53.349659, 2, 
3067, -6.25558805, 53.3670044, 2, 
3069, -6.289258, 53.6774139, 2, 
3074, -8.85649872, 52.7172585, 2, 
3080, -7.9512248, 53.4264832, 2, 
3083, -7.92331219, 53.4321823, 2, 
3084, -7.97218704, 53.4227295, 2, 
3086, -7.94720602, 53.4219551, 2, 
3087, -9.00127697, 52.6044464, 2, 
3089, -6.33509207, 53.7107468, 2, 
3090, -6.18357897, 53.5966415, 2, 
3092, -6.1365509, 53.1696, 2, 
3093, -7.97566319, 53.4225388, 2, 
3095, -7.93352079, 53.4315338, 2, 
3118, -6.23560381, 53.4255142, 2, 
3125, -6.24212122, 53.4280396, 2, 
3128, -6.12721, 53.2053299, 2, 
3130, -8.67327213, 52.6739616, 2, 
3132, -6.27347898, 53.3551483, 2, 
3139, -6.18325281, 53.6082268, 2, 
3142, -6.23288918, 53.4281693, 2, 
3143, -6.24081707, 53.4034424, 2, 
3145, -6.26970816, 53.3606, 2, 
3147, -8.69553661, 52.4565582, 2, 
3151, -6.18596888, 53.6112671, 2, 
3164, -6.27755594, 53.4010048, 2, 
3165, -6.15908194, 53.2828369, 2, 
3168, -6.24822283, 53.3105316, 2, 
3169, -6.58649, 53.3741, 2, 
3173, -7.91939497, 54.2867126, 2, 
3175, -8.9612, 54.2860603, 2, 
3176, -9.80684566, 53.7596741, 2, 
3177, -6.37346315, 53.286129, 2, 
3178, -6.16095877, 53.2947044, 2, 
3179, -6.37697697, 53.3026123, 2, 
3180, -6.4276619, 53.3171272, 2, 
3183, -6.21432114, 53.3948174, 2, 
3184, -6.17811108, 53.3004875, 2, 
3186, -6.11898899, 53.2131882, 2, 
3187, -6.10659599, 53.1134033, 2, 
3190, -6.40647507, 53.2869873, 2, 
3196, -6.43005514, 53.3374481, 2, 
3197, -9.15995789, 54.1111183, 2, 
3202, -6.31933689, 53.3342552, 2, 
3205, -6.25243902, 53.3498535, 2, 
3214, -6.37121, 53.2900925, 2, 
3222, -6.21712208, 53.4649582, 2, 
3226, -6.29316807, 53.3459702, 2, 
3227, -6.25059223, 53.3501778, 2, 
3230, -6.30302382, 53.3126488, 2, 
3232, -6.29110384, 53.3466835, 2, 
3233, -6.59673595, 53.24617, 2, 
3239, -7.05724716, 53.3433151, 2, 
3240, -6.60194921, 53.2453918, 2, 
3243, -6.30573606, 53.273262, 2, 
3244, -6.26454878, 53.3424187, 2, 
3245, -6.26406, 53.3458405, 2, 
3249, -6.73977709, 53.2887573, 2, 
3250, -6.77496719, 53.1912842, 2, 
3252, -6.25578308, 53.3453674, 2, 
3253, -6.23628521, 53.3708725, 2, 
3258, -6.33395576, 53.3208694, 2, 
3260, -6.26439, 53.3306, 2, 
3261, -6.26120281, 53.3517303, 2, 
3262, -6.27660894, 53.3429947, 2, 
3266, -6.26084518, 53.3528557, 2, 
5276, -6.31786, 53.3677254, 2, 
5279, -6.5860858, 53.373764, 2, 
5280, -6.16627, 53.2705078, 2, 
5282, -6.35119677, 53.3034668, 2, 
5283, -6.22793913, 53.3542366, 2, 
5284, -6.25028086, 53.3425293, 2, 
5285, -6.20497322, 53.365, 2, 
5288, -6.13063288, 53.4019, 2, 
5289, -6.25184298, 53.3399963, 2, 
5290, -6.26608706, 53.338623, 2, 
5294, -6.27464485, 53.3393555, 2, 
5296, 0, 0, 2, 
5302, -6.26013422, 53.349968, 2, 
5303, -6.28088713, 53.2946129, 2, 
5304, -6.17507076, 53.289196, 2, 
5309, -6.12579679, 53.2352295, 2, 
5313, -6.22928, 53.4285431, 2, 
5314, -6.16852188, 53.2945404, 2, 
5316, -6.20773077, 53.2766533, 2, 
5317, -6.24936914, 53.2769127, 2, 
5320, -6.61259317, 53.3813744, 2, 
5326, -8.6454668, 52.6444473, 2, 
5327, -6.26970816, 53.3605347, 2, 
5330, -6.29959, 53.3120842, 2, 
5332, -6.1542592, 53.2639732, 2, 
5334, -6.35147619, 53.2813492, 2, 
5339, -6.25863695, 53.345211, 2, 
5340, -6.2168088, 53.3050156, 2, 
5341, -6.19600821, 53.3921661, 2, 
5344, -6.25524092, 53.3491135, 2, 
5347, -6.2725811, 53.3394241, 2, 
5354, -6.25676203, 53.3480492, 2, 
5359, -6.27761698, 53.4172516, 2, 
5360, -6.52225, 53.3236771, 2, 
5361, -6.6630969, 53.6440811, 2, 
5363, -6.26454306, 53.3424301, 2, 
5365, -6.43164682, 53.3907471, 2, 
5367, -6.38379812, 53.2791481, 2, 
5369, -6.29946709, 53.3618927, 2, 
5373, -8.61505604, 52.654995, 2, 
5374, -6.30003309, 53.3121834, 2, 
5379, -6.24029589, 53.3245354, 2, 
5381, -6.30343914, 53.3390121, 2, 
5382, -8.6145134, 52.6545448, 2, 
5387, -6.25943899, 53.3483772, 2, 
5388, -6.31230116, 53.3333778, 2, 
5392, -8.62863255, 52.6646385, 2, 
5393, -8.63623524, 52.6483955, 2, 
5395, -8.46658516, 51.8987808, 2, 
5397, -8.27043343, 52.1727524, 2, 
5398, -8.62906742, 52.6615334, 2, 
5400, -6.25140381, 53.3745041, 2, 
5408, -8.46593285, 51.8965187, 2, 
5409, -8.66165, 52.6291733, 2, 
5410, -8.46788788, 51.8905602, 2, 
5413, -8.57052612, 52.6673584, 2, 
5414, -7.99705887, 52.2757225, 2, 
5415, -6.23811102, 53.3720322, 2, 
5416, -8.28020763, 51.9074554, 2, 
5417, -6.33419704, 53.3069458, 2, 
6, -7.04975319, 53.3432541, 2, 
24, -6.42458677, 53.2976875, 2, 
25, -6.62508297, 53.2357483, 2, 
34, -6.26981592, 53.3458405, 2, 
51, -6.25265598, 53.3763275, 2, 
55, -6.55566883, 53.3615189, 2, 
59, -6.46764183, 53.3376694, 2, 
64, -6.24607611, 53.3064117, 2, 
71, -6.2245121, 53.39, 2, 
79, -6.42146492, 53.2827415, 2, 
82, -6.27852488, 53.3111725, 2, 
91, -6.37729883, 53.2852249, 2, 
97, -6.37357807, 53.3439484, 2, 
112, -6.37957478, 53.2847176, 2, 
117, -6.18079185, 53.2816582, 2, 
121, -6.35792303, 53.2780418, 2, 
134, -6.24130201, 53.427372, 2, 
139, -6.52329302, 53.3243294, 2, 
143, -6.10713577, 53.1953964, 2, 
145, -6.44472, 53.280323, 2, 
147, -6.39977312, 53.3399506, 2, 
148, -6.2168622, 53.3052559, 2, 
151, -6.31502295, 53.3189964, 2, 
161, -6.26707697, 53.2916336, 2, 
165, -6.22823286, 53.4451332, 2, 
166, -6.13078308, 53.2877159, 2, 
172, -6.46802092, 53.3378334, 2, 
177, -6.13467121, 53.2648087, 2, 
180, -6.32300377, 53.2777367, 2, 
183, -6.11045218, 53.2017937, 2, 
187, -6.39561176, 53.3535957, 2, 
189, -6.19923687, 53.39, 2, 
194, -6.38507414, 53.4163513, 2, 
195, -6.15464878, 53.4505768, 2, 
196, -6.21817303, 53.4545364, 2, 
197, -6.17848301, 53.4099731, 2, 
198, -6.17692804, 53.4372482, 2, 
200, -6.21589422, 53.4542961, 2, 
201, -6.20234585, 53.453289, 2, 
206, -6.24338484, 53.3329773, 2, 
209, -6.25293922, 53.3720169, 2, 
242, -6.05862284, 53.3724594, 2, 
250, -6.22428703, 53.4529686, 2, 
251, -6.37975883, 53.2841148, 2, 
257, -6.42270422, 53.3466644, 2, 
261, -6.30332184, 53.3821182, 2, 
274, -6.22938108, 53.3285522, 2, 
288, -6.2687459, 53.4176216, 2, 
296, -6.25800419, 53.341259, 2, 
308, -6.25930405, 53.3447189, 2, 
309, -6.27293682, 53.3455505, 2, 
312, -6.15098715, 53.4023094, 2, 
317, -6.37502813, 53.2866592, 2, 
322, -6.21611214, 53.3672333, 2, 
324, -6.27525377, 53.3452187, 2, 
326, -6.25830889, 53.3629837, 2, 
345, -6.23776722, 53.4082565, 2, 
353, -6.21842384, 53.2847137, 2, 
358, -6.25847101, 53.3404121, 2, 
368, -6.21985388, 53.2613373, 2, 
376, -6.24885416, 53.3440437, 2, 
380, -6.17825317, 53.409523, 2, 
399, -6.30662107, 53.3406754, 2, 
404, -6.29127, 53.3586349, 2, 
417, -6.28532791, 53.2961044, 2, 
419, -6.27323294, 53.3455658, 2, 
426, -6.27273703, 53.3672867, 2, 
430, -6.24415207, 53.3335075, 2, 
433, -6.26519918, 53.3416557, 2, 
439, -6.40209818, 53.2835579, 2, 
441, -6.13251686, 53.2548485, 2, 
442, -6.17679, 53.4327, 2, 
449, -6.29343319, 53.3425674, 2, 
460, -6.25561094, 53.3490486, 2, 
472, -6.37881088, 53.3926048, 2, 
487, -6.328897, 53.2717056, 2, 
496, -6.30089712, 53.3900032, 2, 
500, -6.21709394, 53.316803, 2, 
504, -6.2313, 53.3172, 2, 
525, -6.25626421, 53.3504257, 2, 
528, -6.10981, 53.2028084, 2, 
531, -6.42002821, 53.3207779, 2, 
538, -6.21660805, 53.3052521, 2, 
549, -6.32401896, 53.2958717, 2, 
553, -6.21099615, 53.460743, 2, 
560, -6.2042, 53.2740517, 2, 
564, -6.24497509, 53.2904739, 2, 
567, -6.26033497, 53.3443108, 2, 
595, -6.25688601, 53.3366928, 2, 
596, -6.28320885, 53.3469582, 2, 
602, -6.25405, 53.3482819, 2, 
606, -6.22877121, 53.3856621, 2, 
608, -6.42705, 53.2906952, 2, 
611, -6.27021408, 53.4177055, 2, 
612, -6.21504593, 53.2800636, 2, 
618, -6.30266714, 53.4028511, 2, 
622, -6.29696417, 53.3260612, 2, 
623, -6.25984, 53.3613548, 2, 
629, -6.27320623, 53.3678894, 2, 
633, -6.2086792, 53.303791, 2, 
634, -6.15131903, 53.4027824, 2, 
652, -6.29247284, 53.3469162, 2, 
657, -6.25204515, 53.3493843, 2, 
661, -6.25619888, 53.348114, 2, 
665, -6.24873495, 53.3528404, 2, 
671, -6.22949314, 53.3547554, 2, 
686, -6.3136158, 53.3759651, 2, 
692, -6.42714691, 53.2908974, 2, 
698, -6.12867308, 53.2406082, 2, 
700, -6.34667397, 53.3482246, 2, 
702, -6.26226521, 53.3442459, 2, 
706, -6.2634058, 53.3465538, 2, 
708, -6.29022598, 53.3867226, 2, 
709, 0, 0, 2, 
734, -6.25166, 53.3401909, 2, 
736, -6.26412, 53.3572083, 2, 
750, -6.29367495, 53.4000053, 2, 
752, -6.22133923, 53.456356, 2, 
754, -6.13257217, 53.2514915, 2, 
762, -6.22095823, 53.3760033, 2, 
764, -6.37289095, 53.2723236, 2, 
771, -6.37811089, 53.3204727, 2, 
772, -6.25657701, 53.3480759, 2, 
774, -6.257833, 53.3425674, 2, 
777, -6.29952192, 53.3901291, 2, 
781, -6.16593313, 53.4500313, 2, 
788, -6.26104116, 53.3513794, 2, 
796, -6.26598597, 53.3390694, 2, 
802, -6.25920391, 53.3433, 2, 
815, -6.25336695, 53.3449669, 2, 
835, -6.29745483, 53.3303947, 2, 
838, -6.22940397, 53.3647118, 2, 
841, -6.3050828, 53.3129234, 2, 
843, -6.27579117, 53.3431511, 2, 
849, -6.25654221, 53.3869476, 2, 
872, -6.25451708, 53.3558846, 2, 
874, -6.30230093, 53.4033813, 2, 
881, -6.22995281, 53.348381, 2, 
884, -6.30499697, 53.2977448, 2, 
890, -6.36172199, 53.4186172, 2, 
901, -6.26998281, 53.3178673, 2, 
909, -6.23214483, 53.3525887, 2, 
915, -6.24195719, 53.4281349, 2, 
934, -6.13737488, 53.4486542, 2, 
954, -6.15603209, 53.2648125, 2, 
958, -6.36982107, 53.3172607, 2, 
966, -6.11399221, 53.207653, 2, 
969, -6.46597624, 53.3570404, 2, 
980, -6.25623417, 53.3375053, 2, 
988, -6.26389408, 53.3524895, 2, 
1010, -6.19214296, 53.3929901, 2, 
1020, -6.46959686, 53.3580589, 2, 
1042, 0, 0, 2, 
1052, -6.2439208, 53.289711, 2, 
1085, -6.21707, 53.2785454, 2, 
1091, -6.25416517, 53.35075, 2, 
1094, -6.22380781, 53.3709946, 2, 
1096, -6.31754303, 53.3676605, 2, 
1108, -6.38214302, 53.3918152, 2, 
1118, -6.30677891, 53.3740807, 2, 
1124, -6.33813286, 53.7222023, 2, 
1130, -6.24842, 53.3403397, 2, 
1132, -9.03668404, 53.270504, 2, 
1137, -6.35670519, 53.7172165, 2, 
1155, -8.48070431, 54.2722092, 2, 
1169, -8.75516415, 54.0201836, 2, 
1177, -8.47972679, 51.9048, 2, 
1185, -8.51024628, 51.8820839, 2, 
1186, -8.43258858, 51.8688164, 2, 
1189, -9.0123558, 53.2893372, 2, 
1197, -8.61603355, 52.6549301, 2, 
1207, -9.58115196, 51.8791695, 2, 
1212, -6.38527, 53.4974213, 2, 
1217, -9.04635143, 53.2736778, 2, 
1223, -6.2449441, 53.6983833, 2, 
1226, -8.23252773, 51.8257103, 2, 
1241, -8.46441269, 51.9004631, 2, 
1244, -9.04624176, 53.2736092, 2, 
1283, -6.40970802, 53.4053192, 2, 
1317, -9.22414684, 52.3825798, 2, 
1344, -9.71181107, 51.4962082, 2, 
1356, -8.75397, 51.7469444, 2, 
1360, -9.00171185, 53.7202606, 2, 
1361, -7.67589617, 52.0508156, 2, 
1373, -7.19855, 52.611763, 2, 
1400, -6.25819492, 53.3463593, 2, 
1404, -8.46701908, 51.8998833, 2, 
1405, -9.05362797, 53.2752953, 2, 
1411, -7.36342192, 54.1053581, 2, 
1418, -8.46897411, 51.8948326, 2, 
1424, -6.25928116, 53.3479118, 2, 
1433, -7.12187099, 52.2137833, 2, 
1446, -8.41542912, 51.8663559, 2, 
1454, -7.25057507, 52.2416801, 2, 
1461, -6.82851219, 53.4139938, 2, 
1467, -7.93743086, 54.7322578, 2, 
1473, -7.36733198, 54.9750938, 2, 
1482, -6.44174814, 53.4105, 2, 
1489, -8.4824419, 51.7319946, 2, 
1491, -8.52262783, 51.8713417, 2, 
1494, -9.50425529, 51.8993, 2, 
1496, -8.743, 51.9896507, 2, 
1508, -6.3552928, 53.7145653, 2, 
1510, -6.25113487, 53.3512115, 2, 
1519, -8.50611877, 51.8917923, 2, 
1538, -6.51679802, 53.3580742, 2, 
1545, -9.07122326, 53.2659073, 2, 
1568, -9.04656792, 53.2737427, 2, 
1570, -8.93806553, 53.3506317, 2, 
1571, -8.44421101, 54.6316147, 2, 
1580, -8.41608143, 51.9042816, 2, 
1585, -9.51772308, 53.7948837, 2, 
1591, -9.70801, 52.2704163, 2, 
1606, -6.43392801, 53.4095917, 2, 
1609, -6.25015783, 53.3391113, 2, 
1622, -8.59985065, 52.0269318, 2, 
1669, -6.27416086, 53.3450661, 2, 
1696, -7.75844, 54.8151, 2, 
1698, -6.26873, 53.3549042, 2, 
1714, 0, 0, 2, 
1717, -6.37288809, 53.3002129, 2, 
1719, -6.30783, 53.4001427, 2, 
1721, -9.48568344, 52.0605888, 2, 
1779, -6.27710485, 53.4062576, 2, 
1785, -10.0869541, 52.1451149, 2, 
1814, -6.40568876, 53.9985657, 2, 
1820, -8.64112282, 52.1326866, 2, 
1839, -9.02386761, 53.2768478, 2, 
1884, -9.54020596, 52.1306839, 2, 
1900, -6.26970816, 53.3596268, 2, 
1901, -8.98661518, 53.2982063, 2, 
1920, -6.30720282, 53.3656158, 2, 
1929, -6.25485182, 53.34161, 2, 
1930, -6.23312, 53.3417511, 2, 
1936, -6.43666315, 53.3393059, 2, 
1938, -6.2641139, 53.355011, 2, 
1961, -6.39509583, 53.3930588, 2, 
1972, -6.4000411, 53.5130844, 2, 
1979, -6.27274609, 53.3544884, 2, 
1983, -6.4350872, 53.3913689, 2, 
1992, -6.58846807, 53.3821144, 2, 
1993, -6.36465311, 53.3533821, 2, 
2009, -6.26161, 53.3463593, 2, 
2021, -6.26599598, 53.3381, 2, 
2026, -8.33592606, 52.0162544, 2, 
2027, -6.25448084, 53.3458824, 2, 
2028, -8.45865631, 51.9006577, 2, 
2036, -6.21461678, 53.3272324, 2, 
2038, -6.43710423, 53.3600655, 2, 
2043, -6.25762177, 53.3355217, 2, 
2045, -8.66458321, 52.629303, 2, 
2046, -8.64090633, 52.6465836, 2, 
2049, -6.52229404, 53.3236198, 2, 
2053, -8.87691784, 52.7058029, 2, 
2056, -6.23438311, 53.3418312, 2, 
2057, -6.26536, 53.324234, 2, 
2063, -6.23190308, 53.3415909, 2, 
2076, -6.24195719, 53.4281349, 2, 
2079, -6.52258, 53.3234, 2, 
2120, -6.44272518, 53.2639694, 2, 
2125, -9.28985691, 53.0292206, 2, 
2145, -8.83173466, 52.716095, 2, 
2148, -8.87105274, 52.8239861, 2, 
2156, -8.57182884, 52.6236725, 2, 
2196, -8.47027779, 51.901371, 2, 
2197, -6.39326191, 53.3546753, 2, 
2201, -6.37123919, 53.2900848, 2, 
3010, -6.34063101, 54.1705971, 2, 
3011, -6.38301516, 53.3196564, 2, 
3015, -6.29759312, 53.3516808, 2, 
3017, -6.22930384, 53.4259453, 2, 
3020, -6.27525377, 53.3452187, 2, 
3021, -6.30567217, 53.4238815, 2, 
3022, -6.25166, 53.3401909, 2, 
3028, -6.25381088, 53.3482742, 2, 
3032, -6.46725178, 53.3574753, 2, 
3040, -6.39726, 53.3558197, 2, 
3057, -8.47451305, 52.7277451, 2, 
3071, -6.21257782, 53.4604645, 2, 
3091, -7.9313488, 53.4213066, 2, 
3094, -7.93221807, 53.4275208, 2, 
3137, -8.87691784, 52.7057381, 2, 
3140, -6.10103512, 53.2042923, 2, 
3155, -6.24842, 53.3481064, 2, 
3161, -6.048141, 52.9911652, 2, 
3170, -6.1798892, 53.3023415, 2, 
3171, -6.13421488, 53.294075, 2, 
3172, -6.11747503, 53.3922119, 2, 
3174, -8.32017708, 54.3233414, 2, 
3189, -6.39564323, 53.327877, 2, 
3220, -6.36889315, 53.3541298, 2, 
3225, -6.71229792, 53.2897263, 2, 
3228, -6.70762777, 53.2899208, 2, 
3231, -6.25777102, 53.4001579, 2, 
3237, -6.21798086, 53.3052292, 2, 
3242, -6.26549101, 53.3234558, 2, 
3247, -6.66385794, 53.2175636, 2, 
3255, -6.2608, 53.3509178, 2, 
5281, -6.37988901, 53.3885117, 2, 
5298, -6.17170477, 53.4019928, 2, 
5311, -6.2878952, 53.2977371, 2, 
5312, -6.37127781, 53.3548431, 2, 
5321, -7.24503613, 53.9733238, 2, 
5322, -6.46651077, 53.4329567, 2, 
5346, -6.32166386, 53.3257904, 2, 
5350, -6.25943708, 53.3483658, 2, 
5352, -6.25321484, 53.3418961, 2, 
5353, -6.22995281, 53.348381, 2, 
5362, -6.16547489, 53.5255165, 2, 
5368, -6.90997, 53.6222038, 2, 
5372, -8.69738293, 52.6797867, 2, 
5376, -6.29336119, 53.3669281, 2, 
5407, -8.60213089, 52.6865158, 2, 
5420, -8.59822083, 52.6550598, 2, 
89, -6.22521687, 53.3942757, 2, 
107, -6.10157681, 53.5225716, 2, 
122, -6.13516712, 53.2931061, 2, 
388, -6.27140808, 53.3899612, 2, 
389, -6.29759312, 53.3516808, 2, 
470, -6.26219, 53.3911743, 2, 
545, -6.1601162, 53.5241203, 2, 
803, -6.30804777, 53.3648186, 2, 
808, -6.45404577, 53.3381882, 2, 
825, -6.28442287, 53.3434563, 2, 
850, -6.25910378, 53.3456078, 2, 
858, -6.31820822, 53.3250389, 2, 
971, 0, 0, 2, 
1157, -8.61527348, 52.6548653, 2, 
1603, -6.53993177, 53.5133438, 2, 
1604, -9.232728, 53.8763695, 2, 
1645, -6.36963, 53.3857765, 2, 
1757, -6.2549, 53.3447685, 2, 
1869, -7.23221922, 52.6503372, 2, 
1885, -6.44913292, 53.4159355, 2, 
3007, -6.25611305, 53.3352, 2, 
3014, -6.25611305, 53.3352, 2, 
3059, -8.97531891, 52.8390656, 2, 
3248, -6.52429199, 53.3407936, 2, 
5324, -6.28050804, 53.3430328, 2, 
173, -6.10936403, 53.0884628, 2, 
643, -6.21877289, 53.3094215, 2, 
834, -6.24954605, 53.3520927, 2, 
3215, -6.22848511, 53.4521217, 2, 
1, -6.73021889, 53.2108307, 2, 
7, -6.79853487, 53.1804123, 2, 
19, -6.83274794, 53.1457863, 2, 
22, -6.91040516, 53.1538124, 2, 
31, -6.79744911, 53.1806717, 2, 
36, -6.7316308, 53.2110252, 2, 
52, -6.53786898, 53.337944, 2, 
100, -6.28424883, 53.3096581, 2, 
111, -6.22337818, 53.2761726, 2, 
146, -6.15537882, 53.2861214, 2, 
217, -6.23410892, 53.3034744, 2, 
221, -6.2769, 53.4163818, 2, 
248, -6.21448708, 53.254055, 2, 
255, -6.31823492, 53.3240471, 2, 
266, -6.17675304, 53.433506, 2, 
287, -6.26586199, 53.3396835, 2, 
293, -6.53841305, 53.3399277, 2, 
301, -6.33426094, 53.2897491, 2, 
313, -6.26020193, 53.3443184, 2, 
316, -6.25787306, 53.3455276, 2, 
340, -6.2652688, 53.3884392, 2, 
349, -6.26657677, 53.3216248, 2, 
356, -6.2769022, 53.2812729, 2, 
373, -6.27431679, 53.3529167, 2, 
374, -6.43339777, 53.3911858, 2, 
379, -6.23098421, 53.4693298, 2, 
400, -6.32056808, 53.3128166, 2, 
421, 0, 0, 2, 
432, -6.23853397, 53.3231888, 2, 
434, -6.30114079, 53.4025726, 2, 
435, -6.39164877, 53.3942413, 2, 
451, -6.25657701, 53.3480759, 2, 
455, -6.532, 53.3597832, 2, 
463, -6.42662716, 53.4039726, 2, 
471, -6.23887, 53.336647, 2, 
480, -6.30075312, 53.3123398, 2, 
490, -6.2465539, 53.3324, 2, 
499, -6.20201683, 53.3131676, 2, 
501, -6.18972492, 53.3883324, 2, 
503, -6.30890322, 53.2943, 2, 
514, -6.22056389, 53.4581261, 2, 
523, -6.31191, 53.3937416, 2, 
529, -6.17634392, 53.4243279, 2, 
533, -6.2631979, 53.3580055, 2, 
534, -6.27683306, 53.4163818, 2, 
563, -6.40733814, 53.3122177, 2, 
566, -6.38338, 53.4198723, 2, 
578, -6.33217192, 53.3161774, 2, 
582, -6.35155, 53.3025818, 2, 
585, -6.25843716, 53.357048, 2, 
589, -6.30791283, 53.3647766, 2, 
592, -6.25063515, 53.3504601, 2, 
615, -6.2159338, 53.3051262, 2, 
637, -6.25829792, 53.3477669, 2, 
645, -6.44884, 53.3564835, 2, 
654, -6.37863, 53.3197136, 2, 
666, -6.26406384, 53.3572617, 2, 
697, -6.26058912, 53.3529739, 2, 
699, -6.29943419, 53.3725281, 2, 
716, -6.26042509, 53.3506203, 2, 
745, -6.25611305, 53.3352, 2, 
755, -6.3786, 53.4189415, 2, 
765, -6.25703192, 53.348011, 2, 
780, -6.3786, 53.4189415, 2, 
817, -6.26328182, 53.3520432, 2, 
821, -6.16006613, 53.2805061, 2, 
827, 0, 0, 2, 
836, -6.30388212, 53.319046, 2, 
840, -6.26296711, 53.354084, 2, 
848, -6.25561285, 53.3402596, 2, 
863, -6.25565577, 53.338459, 2, 
868, -6.2651248, 53.3877792, 2, 
876, -6.3104682, 53.3656349, 2, 
888, -6.23895788, 53.4137077, 2, 
897, -6.32759, 53.3349953, 2, 
907, -6.276, 53.4169502, 2, 
928, 0, 0, 2, 
930, -6.3224678, 53.3384819, 2, 
936, -6.26969099, 53.3641357, 2, 
939, -6.27768278, 53.4169846, 2, 
941, -6.326231, 53.3242645, 2, 
962, -6.26792479, 53.354744, 2, 
965, -6.25623178, 53.3392944, 2, 
975, -6.25002718, 53.3390579, 2, 
976, -6.25843716, 53.357048, 2, 
977, -6.32411718, 53.2716, 2, 
989, -6.13013887, 53.1823349, 2, 
995, -6.23673916, 53.3503342, 2, 
1003, -6.21728706, 53.3763046, 2, 
1025, -6.2866168, 53.3761, 2, 
1072, -6.37975121, 53.4185066, 2, 
1080, -6.26376581, 53.3889503, 2, 
1086, -6.25830698, 53.3415031, 2, 
1088, -6.32224703, 53.3386154, 2, 
1098, -6.20822382, 53.3940353, 2, 
1107, -6.2603488, 53.3607903, 2, 
1117, -6.24441624, 53.4524, 2, 
1151, -6.26177883, 53.3529625, 2, 
1159, -6.37755919, 53.3919868, 2, 
1233, -8.48059559, 51.8394318, 2, 
1346, -7.48658705, 54.8332863, 2, 
1425, -6.57968378, 53.5669975, 2, 
1470, -6.24755096, 53.3480415, 2, 
1588, -6.68232107, 53.6541786, 2, 
1656, -6.25257111, 53.3363266, 2, 
1682, -6.46433878, 53.5072594, 2, 
1744, -6.45096302, 53.3299141, 2, 
1762, -6.27019691, 53.3551064, 2, 
1763, -6.26571703, 53.3561821, 2, 
1769, 0, 0, 2, 
1773, -6.23841381, 53.4669113, 2, 
1797, -6.258389, 53.3466263, 2, 
1824, -6.25003815, 53.342926, 2, 
1828, -6.18796396, 53.3978653, 2, 
1829, -8.61809731, 52.6571312, 2, 
1887, -8.46756172, 51.8900452, 2, 
1924, -6.27333307, 53.3522339, 2, 
1925, -6.52229404, 53.3236198, 2, 
1956, -6.15164804, 53.2892151, 2, 
1968, -6.27218819, 53.3607674, 2, 
1969, -6.63713884, 53.6018181, 2, 
1970, -6.26006, 53.3467255, 2, 
1971, -6.43634081, 53.3915558, 2, 
1974, -8.97216892, 53.2793732, 2, 
1998, -6.25416708, 53.346283, 2, 
2033, -6.23645878, 53.3421669, 2, 
2060, -6.27262688, 53.3393, 2, 
2061, -6.27493191, 53.3608, 2, 
2064, -6.26462, 53.3194122, 2, 
2065, -6.52229404, 53.3236198, 2, 
2071, -6.23845196, 53.3231239, 2, 
2075, -6.25952482, 53.3485909, 2, 
2083, -6.2168088, 53.3050156, 2, 
2095, -6.24217606, 53.4286766, 2, 
2100, -6.29987717, 53.2999306, 2, 
2105, -8.27716732, 52.14505, 2, 
2136, -8.97564507, 52.8395844, 2, 
2149, -8.96967125, 52.8177071, 2, 
2172, -6.3916, 53.421566, 2, 
2178, -6.34846497, 53.3773918, 2, 
3002, -6.29136, 53.3429794, 2, 
3003, -6.32453299, 53.3418121, 2, 
3009, -6.29833603, 53.3414345, 2, 
3012, -6.1014142, 53.5226212, 2, 
3025, -6.32251883, 53.3415298, 2, 
3029, -6.26599407, 53.339035, 2, 
3050, -6.25167799, 53.3497238, 2, 
3141, -6.21420813, 53.4632492, 2, 
3156, -6.24418402, 53.3827324, 2, 
3206, -6.28416777, 53.3434372, 2, 
3235, -6.19515324, 53.3890839, 2, 
3256, -6.2518959, 53.3483, 2, 
3267, -6.25265312, 53.3379097, 2, 
5286, -6.23028088, 53.3083153, 2, 
5300, -6.27450609, 53.34515, 2, 
5305, -6.23124, 53.3856392, 2, 
5315, -6.30428219, 53.4029655, 2, 
5331, -6.54699183, 53.4754143, 2, 
5343, -6.3053112, 53.4099884, 2, 
5349, -6.27003717, 53.3550797, 2, 
5366, -6.34649181, 53.2789497, 2, 
5371, -6.15366697, 53.2885323, 2, 
5375, -6.27981186, 53.3313179, 2, 
5389, -6.32166386, 53.3257904, 2, 
5399, 0, 0, 2, 
76, -6.27245522, 53.3123894, 2, 
120, -6.10508108, 53.1921921, 2, 
157, -6.11617, 53.2700539, 2, 
175, -6.22656202, 53.3630066, 2, 
184, -6.26234, 53.3107872, 2, 
193, -6.1220932, 53.4935226, 2, 
222, -6.2719121, 53.3641319, 2, 
232, -6.2462039, 53.3919258, 2, 
270, -6.24572086, 53.2919769, 2, 
298, -6.16056681, 53.4496918, 2, 
321, -6.23710918, 53.3422508, 2, 
331, -6.25281382, 53.3418694, 2, 
394, -6.25865078, 53.353756, 2, 
413, -6.24479818, 53.3338127, 2, 
447, -6.12396193, 53.3899879, 2, 
457, -6.2465539, 53.3324, 2, 
502, -6.38908577, 53.3252068, 2, 
743, -6.26115, 53.3516159, 2, 
793, -6.40942717, 53.3879089, 2, 
809, -6.35153103, 53.3026695, 2, 
818, -6.22924709, 53.3650589, 2, 
839, -6.25951576, 53.348568, 2, 
853, -6.43223476, 53.3424301, 2, 
873, 0, 0, 2, 
875, -6.37843609, 53.3232422, 2, 
950, -6.19510221, 53.3754158, 2, 
1018, -6.28452682, 53.3470116, 2, 
1023, -6.12398, 53.2333717, 2, 
1122, -6.25558805, 53.3403397, 2, 
1140, -9.44918919, 51.5718689, 2, 
1220, -6.27546406, 53.3550339, 2, 
1235, -8.72084332, 52.584774, 2, 
1291, -8.49134827, 51.8921814, 2, 
1294, -8.52903557, 51.8888168, 2, 
1326, -10.0391645, 53.9935188, 2, 
1397, -8.47060299, 51.9141197, 2, 
1472, -8.47353554, 51.9146385, 2, 
1475, -8.47060299, 51.9017601, 2, 
1501, -8.61679363, 52.6441879, 2, 
1537, -7.12827921, 54.4858589, 2, 
1550, -6.25004911, 53.3569107, 2, 
1572, -9.00127697, 53.2907639, 2, 
1577, -6.35323, 53.7117157, 2, 
1620, -8.57899666, 51.800209, 2, 
1627, -8.41466904, 51.8894615, 2, 
1632, -8.44095325, 51.8275223, 2, 
1648, -8.97564507, 52.8385506, 2, 
1695, -6.25124407, 53.3494644, 2, 
1697, -6.46531582, 53.4374237, 2, 
1713, -8.46191406, 52.5739632, 2, 
1716, -6.29892397, 53.7315865, 2, 
1730, -8.1679039, 51.9073257, 2, 
1731, -7.30835581, 52.3009, 2, 
1743, -8.99660683, 53.2916679, 2, 
1754, -6.27170897, 53.360733, 2, 
1761, -6.27258682, 53.3627357, 2, 
1767, -6.27861309, 53.4173737, 2, 
1782, -6.25012302, 53.4596329, 2, 
1791, 0, 0, 2, 
1793, -6.19365, 53.3076, 2, 
1801, -6.26499081, 53.3774948, 2, 
1827, -6.24190283, 53.3476524, 2, 
1858, -8.46604156, 51.8991699, 2, 
1863, -9.16310787, 54.1065216, 2, 
1909, -6.54036713, 53.8638763, 2, 
1910, -8.30193, 54.2309837, 2, 
2077, -6.25063276, 53.3304787, 2, 
2097, -6.21622, 53.3088379, 2, 
2098, -6.27071285, 53.3606606, 2, 
2126, -9.07437325, 53.2895966, 2, 
2155, -7.877913, 52.531765, 2, 
2158, -8.57052612, 52.6727943, 2, 
3081, -8.00618172, 53.4255142, 2, 
3085, -7.98467684, 53.4207268, 2, 
3203, -6.26532793, 53.3360367, 2, 
3251, -6.40536308, 53.3576202, 2, 
3254, -6.26296711, 53.3442154, 2, 
3263, -6.2495079, 53.3438034, 2, 
5310, -6.22821283, 53.4467316, 2, 
5325, -8.62124729, 52.6686516, 2, 
5328, -6.1673708, 53.2708702, 2, 
5335, -6.26140594, 53.3443222, 2, 
5342, -8.63927555, 52.6729889, 2, 
5364, -8.63004398, 52.6600456, 2, 
5390, -7.02933407, 53.1408653, 2, 
5391, -6.26551914, 53.3441849, 2, 
5403, -8.59626579, 52.659008, 2, 
5404, -8.62352753, 52.6610794, 2, 
5419, -8.63210773, 52.6584892, 2, 
35, -7.11578798, 52.2631683, 2, 
57, -6.25204611, 53.308342, 2, 
86, -6.2299881, 53.4294243, 2, 
341, -6.26632786, 53.3216896, 2, 
886, -6.36992502, 53.316227, 2, 
1187, -8.62722111, 51.8917274, 2, 
1259, -8.43074322, 51.8863564, 2, 
1305, -6.34182596, 52.6432152, 2, 
1369, -7.11090088, 52.9778976, 2, 
1438, -7.75409603, 54.3021774, 2, 
1549, -8.61168861, 52.0408478, 2, 
1557, -7.10796785, 52.2612915, 2, 
1582, -9.15409279, 52.4133224, 2, 
1650, -8.52784061, 51.8494, 2, 
1760, -6.26863289, 53.417717, 2, 
1783, -6.21634197, 53.3048897, 2, 
1786, -6.2774, 53.4167, 2, 
1804, -7.45845604, 54.9347076, 2, 
2069, -6.27520895, 53.3316917, 2, 
2168, -6.3017478, 53.3502159, 2, 
3008, -6.49231482, 53.3724403, 2, 
5301, -6.43951416, 53.3595695, 2, 
5386, -8.65969467, 52.6377792, 2, 
203, -6.17813206, 53.4086494, 2, 
1273, -6.417202, 53.5174866, 2, 
1612, -8.03844, 51.8518562, 2, 
1796, -6.26881, 53.3723793, 2, 
60, -6.34793282, 53.3038, 2, 
96, -6.244771, 53.4514275, 2, 
199, -6.21800089, 53.4541855, 2, 
581, -6.25657797, 53.335659, 2, 
1019, -6.39197111, 53.3541718, 2, 
1041, -6.22705698, 53.3645592, 2, 
1174, -7.2316761, 52.6421814, 2, 
1687, -9.40216064, 52.03405, 2, 
1952, -6.40579796, 53.9992752, 2, 
3148, -6.09647322, 53.0644302, 2, 
5394, -8.62439728, 52.6605644, 2, 
1311, -8.50329494, 54.2760925, 2, 
1997, -9.10130787, 53.2640953, 2, 
276, -6.24369478, 53.3569145, 2, 
414, -6.25642204, 53.3372726, 2, 
1074, -6.34635496, 53.2833595, 2, 
1994, -6.55222893, 53.3778152, 2, 
1693, -8.48124695, 54.271759, 2, 
1031, -6.3018322, 53.4027, 2, 
1708, -8.50731373, 51.8891373, 2, 
720, -6.23889, 53.4113159, 2, 
942, -6.25834799, 53.3525238, 2, 
156, -6.39092684, 53.3946915, 2, 
18, -6.71599102, 53.2085, 2, 
2010, -6.42439079, 53.3592796, 2, 
359, -6.30699587, 53.4181252, 2, 
1766, -6.26153278, 53.352951, 2, 
1078, -6.2651391, 53.3559151, 2, 
3023, -6.34785, 53.3910484, 2, 
343, -6.30143595, 53.395, 2, 
176, -6.24526691, 53.4371681, 2, 
730, -6.27465677, 53.3451653, 2, 
1000, -6.29735184, 53.3900185, 2, 
2014, -6.4391818, 53.359684, 2, 
812, 0, 0, 2, 
164, -6.06255293, 53.1288071, 2, 
281, -6.24822617, 53.2717819, 2, 
488, -6.26143694, 53.3470078, 2, 
869, -6.20984697, 53.3044357, 2, 
974, -6.21491385, 53.386898, 2, 
1268, -8.43161201, 51.8762589, 2, 
5385, -6.35161686, 53.3508, 2, 
1270, -9.01365852, 53.2776222, 2, 
377, -6.25587082, 53.3349609, 2, 
5287, -6.24737597, 53.3835487, 2, 
236, -6.49238, 53.3635521, 2, 
3138, -6.25091791, 53.3336105, 2, 
1307, -9.04635143, 53.2736778, 2, 
2035, -6.53176689, 53.3392296, 2, 
65, -6.13551283, 53.2927704, 2, 
218, -6.25626421, 53.3504257, 2, 
352, -6.29985, 53.3216934, 2, 
392, 0, 0, 2, 
579, -6.212286, 53.3788567, 2, 
691, -6.30274487, 53.3389435, 2, 
905, -6.19898, 53.3743362, 2, 
1001, -6.44942904, 53.3445358, 2, 
1060, -6.13445616, 53.2946625, 2, 
1342, -8.4691906, 51.9001427, 2, 
1515, -9.16082668, 54.1115685, 2, 
1576, -6.35301304, 53.7119751, 2, 
1598, -8.29411, 52.0591621, 2, 
1671, -8.20374584, 51.9156723, 2, 
1678, -7.85858, 54.7716064, 2, 
1759, -6.26908302, 53.3696175, 2, 
1776, -6.26462, 53.3318367, 2, 
1777, -6.21383286, 53.3195686, 2, 
1805, -6.4059062, 53.9951973, 2, 
2068, -6.27397299, 53.3456192, 2, 
1862, -8.62787247, 52.6623116, 2, 
127, -6.16775703, 53.5230751, 2, 
204, -6.42778301, 53.3401108, 2, 
912, -6.37991095, 53.3354607, 2, 
1148, -6.97166109, 52.3880806, 2, 
1312, -6.20541, 53.6119804, 2, 
245, -6.26519585, 53.3352928, 2, 
265, -6.28930187, 53.3902206, 2, 
462, -6.3616271, 53.3819237, 2, 
1443, -9.06307697, 53.2785301, 2, 
1527, -9.69421577, 52.2750778, 2, 
1562, -9.30321598, 54.2417259, 2, 
1664, -7.34224319, 53.523632, 2, 
1707, -7.18986082, 53.487, 2, 
1788, -6.68992376, 53.6515884, 2, 
3016, -6.31338406, 53.3894386, 2, 
5383, -8.63471508, 52.6551895, 2, 
17, -7.11774302, 52.2598038, 2, 
140, -6.34476, 53.2752762, 2, 
234, -6.27005386, 53.3177681, 2, 
235, -6.24649477, 53.3079262, 2, 
271, -6.39173794, 53.3546, 2, 
378, -6.26278782, 53.3538704, 2, 
495, -6.1390419, 53.2762489, 2, 
782, -6.25622082, 53.3455162, 2, 
867, -6.25911, 53.346489, 2, 
1232, -8.99052525, 53.2971077, 2, 
1239, -9.06351089, 53.2767181, 2, 
1340, -6.54069281, 53.9506073, 2, 
1347, -7.10449314, 52.2647858, 2, 
1415, -6.90997, 53.6222687, 2, 
1486, -6.23440886, 53.3634453, 2, 
1542, -6.426651, 53.2960701, 2, 
1610, -8.48841572, 51.8956757, 2, 
1624, -8.97564507, 52.8387413, 2, 
1629, -6.31804, 53.7044678, 2, 
1953, -6.43655109, 53.3916054, 2, 
1985, -6.69057608, 53.6673164, 2, 
2016, -6.26178598, 53.3524513, 2, 
2048, -8.62732887, 52.662117, 2, 
2050, -8.59626579, 52.6589432, 2, 
2073, -6.31761885, 53.3429565, 2, 
2094, -6.20337105, 53.294857, 2, 
2146, -9.3065834, 52.7196541, 2, 
3208, -6.33183, 53.3215981, 2, 
5297, -6.47233486, 53.3582191, 2, 
1193, -6.25211287, 53.3501778, 2, 
1319, -6.89574194, 52.8217201, 2, 
2015, -6.26490307, 53.3265572, 2, 
2189, -8.46810532, 51.8912086, 2, 
15, -7.10916281, 52.2616158, 2, 
214, -6.24654, 53.3393936, 2, 
223, -6.27424622, 53.3392792, 2, 
249, -6.21572781, 53.3325882, 2, 
306, -6.24976778, 53.3433723, 2, 
348, -6.31212282, 53.3766747, 2, 
562, -6.26633787, 53.3548, 2, 
574, -6.39008284, 53.2825, 2, 
673, -6.25911, 53.346714, 2, 
833, -6.26402903, 53.3458824, 2, 
862, -6.26195621, 53.3442574, 2, 
889, -6.25178289, 53.3738785, 2, 
899, -6.22071791, 53.311367, 2, 
903, -6.41919088, 53.3835678, 2, 
923, -6.25027895, 53.3264809, 2, 
1017, -6.39590406, 53.3165092, 2, 
1029, -6.29838324, 53.3479156, 2, 
1030, -6.26128721, 53.3442802, 2, 
1038, -6.24195385, 53.3257637, 2, 
1045, -6.25762892, 53.3637161, 2, 
1141, -7.89822292, 52.3776627, 2, 
1146, -9.04341793, 53.2796936, 2, 
1199, -8.46701908, 51.8894615, 2, 
1246, -8.47136402, 51.8738, 2, 
1304, -6.26156187, 53.3527679, 2, 
1364, -8.46691132, 51.8782654, 2, 
1432, -8.47082138, 51.8996239, 2, 
1534, -7.10775089, 52.2590904, 2, 
1551, -8.55173588, 52.6434097, 2, 
1587, -6.25004911, 53.3470078, 2, 
1600, -6.25667381, 53.3488846, 2, 
1676, -7.36505079, 53.9908638, 2, 
1686, -8.46647644, 51.8997536, 2, 
1701, -6.26453495, 53.3428574, 2, 
1733, -6.46238422, 53.4159355, 2, 
1789, -6.23909903, 53.4054337, 2, 
1812, -8.46593285, 51.8994942, 2, 
1872, -7.10905409, 52.2651749, 2, 
1890, -8.65328693, 52.6383629, 2, 
1907, -6.40406, 54.0055542, 2, 
1963, -9.03429508, 53.974617, 2, 
1981, -6.26300287, 53.3442078, 2, 
1995, -6.43363523, 53.3912125, 2, 
2042, -8.65524197, 52.6354485, 2, 
2047, -8.62776375, 52.6643143, 2, 
2067, -6.38009, 53.3568344, 2, 
2085, -6.3957, 53.278286, 2, 
2129, -6.17161512, 53.2747154, 2, 
2203, -6.2626071, 53.3467331, 2, 
3082, -6.05074787, 52.9722, 2, 
3160, -6.146, 53.2584038, 2, 
3223, -6.26436186, 53.3305, 2, 
5291, -6.25596714, 53.3247871, 2, 
5295, -6.26736879, 53.3895874, 2, 
5299, -6.29992294, 53.3894882, 2, 
5378, -6.31564617, 53.2733383, 2, 
5412, -8.5604248, 52.6706581, 2, 
5421, -8.64275169, 52.6734428, 2, 
5422, -6.27253723, 53.3321915, 2, 
5423, -6.29066515, 53.3331108, 2, 
5428, -8.46386909, 51.8991699, 2, 
5429, -8.46636772, 51.8993, 2, 
5430, -6.2902422, 53.3613167, 2, 
5431, -9.54628754, 51.750309, 2, 
5432, -8.65524197, 52.6353226, 2, 
12, -7.14728594, 52.2393494, 2, 
987, -6.31498623, 53.3670921, 2, 
1110, -6.11336803, 53.3891525, 2, 
1685, -9.04722, 53.2739334, 2, 
2204, -8.82054806, 54.2437973, 2, 
69, -6.16156912, 53.3908768, 2, 
610, -6.25611305, 53.3352, 2, 
735, 0, 0, 2, 
953, -6.12155724, 53.2216568, 2, 
970, -6.55166, 53.3591423, 2, 
1172, -8.1932106, 53.7651138, 2, 
1225, -7.33073, 52.3511276, 2, 
1441, -7.38134289, 53.9454918, 2, 
1546, -8.38295364, 51.9812393, 2, 
1742, -8.46680164, 51.8998833, 2, 
1800, -9.00931358, 53.2800827, 2, 
1838, -6.60412121, 53.8441391, 2, 
1904, -6.41144514, 53.4056435, 2, 
1947, -6.25620413, 53.3654823, 2, 
2054, -8.92839909, 52.6046448, 2, 
2096, -6.27473688, 53.3607979, 2, 
2114, -8.63232517, 52.6709824, 2, 
3234, -7.05648708, 53.3427353, 2, 
506, -6.15733099, 53.2809105, 2, 
522, -6.36084, 53.4126968, 2, 
628, -6.27442884, 53.3345108, 2, 
677, -6.258039, 53.3463669, 2, 
822, -6.26580906, 53.3456116, 2, 
991, -6.25626421, 53.3504257, 2, 
1009, -6.16186523, 53.3998489, 2, 
1123, -8.51556778, 51.9053192, 2, 
1194, -6.37658119, 53.7025261, 2, 
1228, -7.64005423, 54.3434067, 2, 
1318, -7.10536194, 52.2607079, 2, 
1333, -8.46832275, 51.891922, 2, 
1341, -8.58377647, 51.8886223, 2, 
1416, -7.27968311, 53.991703, 2, 
1419, -8.39338112, 51.8846092, 2, 
1563, -9.69790936, 52.2708054, 2, 
1740, -6.24038315, 53.6783829, 2, 
1810, -7.71445322, 54.9482346, 2, 
2012, -6.26351881, 53.3465271, 2, 
3079, -7.89887381, 53.415287, 2, 
3154, -6.25634909, 53.6523, 2, 
3241, -6.25482798, 53.3474579, 2, 
5306, -6.15378284, 53.288517, 2, 
5377, -6.32390499, 53.3694649, 2, 
5396, -6.33032084, 53.3217964, 2, 
5411, -8.63569164, 52.6671, 2, 
5425, -6.25909805, 53.34552, 2, 
1813, -6.4639039, 53.5104294, 2, 
722, -6.13787889, 53.3970375, 2, 
1198, -7.64733124, 52.0625305, 2, 
1601, -8.55933857, 52.4509926, 2, 
1703, -7.1885581, 53.8336525, 2, 
1774, -6.27818298, 53.416851, 2, 
2133, -8.78438091, 52.5694962, 2, 
5435, -8.62754631, 52.6643143, 2, 
3185, -6.21894503, 53.2723351, 2, 
664, -6.26209497, 53.3532791, 2, 
335, -6.41831398, 53.300972, 2, 
1134, -8.44431877, 51.9029884, 2, 
1914, -6.31766701, 53.3903542, 2, 
